method,train_percent,experiments,n_senario,n_trial,total_trial,total_time
CCVAE,25,all_but_angry_25 -> angry; all_but_childlike_25 -> childlike; all_but_depressed_25 -> depressed; all_but_neutral_25 -> neutral; all_but_old_25 -> old; all_but_proud_25 -> proud; all_but_strutting_25 -> strutting,7,6,42,32.4
CCVAE,50,all_but_angry_50 -> angry; all_but_childlike_50 -> childlike; all_but_depressed_50 -> depressed; all_but_neutral_50 -> neutral; all_but_old_50 -> old; all_but_proud_50 -> proud; all_but_strutting_50 -> strutting,7,6,42,62.9
CCVAE,75,all_but_angry_75 -> angry; all_but_childlike_75 -> childlike; all_but_depressed_75 -> depressed; all_but_neutral_75 -> neutral; all_but_old_75 -> old; all_but_proud_75 -> proud; all_but_strutting_75 -> strutting,7,6,42,86.3
CCVAE,100,all_but_angry_100 -> angry; all_but_childlike_100 -> childlike; all_but_depressed_100 -> depressed; all_but_neutral_100 -> neutral; all_but_old_100 -> old; all_but_proud_100 -> proud; all_but_strutting_100 -> strutting,7,6,42,128.1
TUPL,25,all_but_angry_25 -> angry; all_but_childlike_25 -> childlike; all_but_depressed_25 -> depressed; all_but_neutral_25 -> neutral; all_but_old_25 -> old; all_but_proud_25 -> proud; all_but_strutting_25 -> strutting,7,6,42,41.0
TUPL,50,all_but_angry_50 -> angry; all_but_childlike_50 -> childlike; all_but_depressed_50 -> depressed; all_but_neutral_50 -> neutral; all_but_old_50 -> old; all_but_proud_50 -> proud; all_but_strutting_50 -> strutting,7,6,42,41.6
TUPL,75,all_but_angry_75 -> angry; all_but_childlike_75 -> childlike; all_but_depressed_75 -> depressed; all_but_neutral_75 -> neutral; all_but_old_75 -> old; all_but_proud_75 -> proud; all_but_strutting_75 -> strutting,7,6,42,41.0
TUPL,100,all_but_angry_100 -> angry; all_but_childlike_100 -> childlike; all_but_depressed_100 -> depressed; all_but_neutral_100 -> neutral; all_but_old_100 -> old; all_but_proud_100 -> proud; all_but_strutting_100 -> strutting,7,6,42,49.1
VisTA,100,all_but_angry_100 -> angry; all_but_childlike_100 -> childlike; all_but_depressed_100 -> depressed; all_but_neutral_100 -> neutral; all_but_old_100 -> old; all_but_proud_100 -> proud; all_but_strutting_100 -> strutting,7,6,42,21570.7
base,25,all_but_angry_25 -> angry; all_but_childlike_25 -> childlike; all_but_depressed_25 -> depressed; all_but_neutral_25 -> neutral; all_but_old_25 -> old; all_but_proud_25 -> proud; all_but_strutting_25 -> strutting,7,6,42,6.1
base,50,all_but_angry_50 -> angry; all_but_childlike_50 -> childlike; all_but_depressed_50 -> depressed; all_but_neutral_50 -> neutral; all_but_old_50 -> old; all_but_proud_50 -> proud; all_but_strutting_50 -> strutting,7,6,42,10.4
base,75,all_but_angry_75 -> angry; all_but_childlike_75 -> childlike; all_but_depressed_75 -> depressed; all_but_neutral_75 -> neutral; all_but_old_75 -> old; all_but_proud_75 -> proud; all_but_strutting_75 -> strutting,7,6,42,15.1
base,100,all_but_angry_100 -> angry; all_but_childlike_100 -> childlike; all_but_depressed_100 -> depressed; all_but_neutral_100 -> neutral; all_but_old_100 -> old; all_but_proud_100 -> proud; all_but_strutting_100 -> strutting,7,6,42,23.2
our0,25,all_but_angry_25 -> angry; all_but_childlike_25 -> childlike; all_but_depressed_25 -> depressed; all_but_neutral_25 -> neutral; all_but_old_25 -> old; all_but_proud_25 -> proud; all_but_strutting_25 -> strutting,7,6,42,30.7
our0,50,all_but_angry_50 -> angry; all_but_childlike_50 -> childlike; all_but_depressed_50 -> depressed; all_but_neutral_50 -> neutral; all_but_old_50 -> old; all_but_proud_50 -> proud; all_but_strutting_50 -> strutting,7,6,42,60.0
our0,75,all_but_angry_75 -> angry; all_but_childlike_75 -> childlike; all_but_depressed_75 -> depressed; all_but_neutral_75 -> neutral; all_but_old_75 -> old; all_but_proud_75 -> proud; all_but_strutting_75 -> strutting,7,6,42,83.7
our0,100,all_but_angry_100 -> angry; all_but_childlike_100 -> childlike; all_but_depressed_100 -> depressed; all_but_neutral_100 -> neutral; all_but_old_100 -> old; all_but_proud_100 -> proud; all_but_strutting_100 -> strutting,7,6,42,125.3
our_GRE,25,all_but_angry_25 -> angry; all_but_childlike_25 -> childlike; all_but_depressed_25 -> depressed; all_but_neutral_25 -> neutral; all_but_old_25 -> old; all_but_proud_25 -> proud; all_but_strutting_25 -> strutting,7,6,42,34.2
our_GRE,50,all_but_angry_50 -> angry; all_but_childlike_50 -> childlike; all_but_depressed_50 -> depressed; all_but_neutral_50 -> neutral; all_but_old_50 -> old; all_but_proud_50 -> proud; all_but_strutting_50 -> strutting,7,6,42,66.3
our_GRE,75,all_but_angry_75 -> angry; all_but_childlike_75 -> childlike; all_but_depressed_75 -> depressed; all_but_neutral_75 -> neutral; all_but_old_75 -> old; all_but_proud_75 -> proud; all_but_strutting_75 -> strutting,7,6,42,92.1
our_GRE,100,all_but_angry_100 -> angry; all_but_childlike_100 -> childlike; all_but_depressed_100 -> depressed; all_but_neutral_100 -> neutral; all_but_old_100 -> old; all_but_proud_100 -> proud; all_but_strutting_100 -> strutting,7,6,42,136.3
our_TUPL_interp_src2tgt,25,all_but_angry_25 -> angry; all_but_childlike_25 -> childlike; all_but_depressed_25 -> depressed; all_but_neutral_25 -> neutral; all_but_old_25 -> old; all_but_proud_25 -> proud; all_but_strutting_25 -> strutting,7,6,42,62.7
our_TUPL_interp_src2tgt,100,all_but_angry_100 -> angry; all_but_childlike_100 -> childlike; all_but_depressed_100 -> depressed; all_but_neutral_100 -> neutral; all_but_old_100 -> old; all_but_proud_100 -> proud; all_but_strutting_100 -> strutting,7,6,42,137.3
our_TUPL_real_plus_src2tgt,25,all_but_angry_25 -> angry; all_but_childlike_25 -> childlike; all_but_depressed_25 -> depressed; all_but_neutral_25 -> neutral; all_but_old_25 -> old; all_but_proud_25 -> proud; all_but_strutting_25 -> strutting,7,6,42,63.0
our_TUPL_real_plus_src2tgt,50,all_but_angry_50 -> angry; all_but_childlike_50 -> childlike; all_but_depressed_50 -> depressed; all_but_neutral_50 -> neutral; all_but_old_50 -> old; all_but_proud_50 -> proud; all_but_strutting_50 -> strutting,7,6,42,83.9
our_TUPL_real_plus_src2tgt,100,all_but_angry_100 -> angry; all_but_childlike_100 -> childlike; all_but_depressed_100 -> depressed; all_but_neutral_100 -> neutral; all_but_old_100 -> old; all_but_proud_100 -> proud; all_but_strutting_100 -> strutting,7,6,42,139.9
our_TUPL_real_plus_src2tgt_unseen,25,all_but_angry_25 -> angry; all_but_childlike_25 -> childlike; all_but_depressed_25 -> depressed; all_but_neutral_25 -> neutral; all_but_old_25 -> old; all_but_proud_25 -> proud; all_but_strutting_25 -> strutting,7,6,42,63.1
our_TUPL_real_plus_src2tgt_unseen,50,all_but_angry_50 -> angry; all_but_childlike_50 -> childlike; all_but_depressed_50 -> depressed; all_but_neutral_50 -> neutral; all_but_old_50 -> old; all_but_proud_50 -> proud; all_but_strutting_50 -> strutting,7,6,42,84.3
our_TUPL_real_plus_src2tgt_unseen,100,all_but_angry_100 -> angry; all_but_childlike_100 -> childlike; all_but_depressed_100 -> depressed; all_but_neutral_100 -> neutral; all_but_old_100 -> old; all_but_proud_100 -> proud; all_but_strutting_100 -> strutting,7,6,42,137.4
