train_percent,source,target,trial,source_train_full,source_train_kept,target_train_full,target_train_kept,target_test
25,all_but_angry_25,angry,0,657,163,40,10,77
25,all_but_angry_25,angry,1,657,163,41,10,76
25,all_but_angry_25,angry,2,657,163,41,9,76
25,all_but_angry_25,angry,3,657,163,33,7,84
25,all_but_angry_25,angry,4,657,163,40,9,77
25,all_but_angry_25,angry,5,657,163,48,12,69
25,all_but_childlike_25,childlike,0,664,165,32,7,78
25,all_but_childlike_25,childlike,1,664,165,44,10,66
25,all_but_childlike_25,childlike,2,664,165,42,10,68
25,all_but_childlike_25,childlike,3,664,165,35,8,75
25,all_but_childlike_25,childlike,4,664,165,35,8,75
25,all_but_childlike_25,childlike,5,664,165,42,10,68
25,all_but_depressed_25,depressed,0,641,158,44,10,89
25,all_but_depressed_25,depressed,1,641,158,48,11,85
25,all_but_depressed_25,depressed,2,641,158,41,9,92
25,all_but_depressed_25,depressed,3,641,158,32,7,101
25,all_but_depressed_25,depressed,4,641,158,51,12,82
25,all_but_depressed_25,depressed,5,641,158,60,15,73
25,all_but_neutral_25,neutral,0,657,164,35,8,82
25,all_but_neutral_25,neutral,1,657,164,46,11,71
25,all_but_neutral_25,neutral,2,657,164,49,11,68
25,all_but_neutral_25,neutral,3,657,164,29,6,88
25,all_but_neutral_25,neutral,4,657,164,32,7,85
25,all_but_neutral_25,neutral,5,657,164,52,13,65
25,all_but_old_25,old,0,679,168,31,7,64
25,all_but_old_25,old,1,679,168,35,8,60
25,all_but_old_25,old,2,679,168,25,5,70
25,all_but_old_25,old,3,679,168,28,6,67
25,all_but_old_25,old,4,679,168,41,9,54
25,all_but_old_25,old,5,679,168,38,8,57
25,all_but_proud_25,proud,0,683,170,40,9,51
25,all_but_proud_25,proud,1,683,170,23,5,68
25,all_but_proud_25,proud,2,683,170,29,7,62
25,all_but_proud_25,proud,3,683,170,21,5,70
25,all_but_proud_25,proud,4,683,170,34,8,57
25,all_but_proud_25,proud,5,683,170,42,10,49
25,all_but_strutting_25,strutting,0,663,165,37,8,74
25,all_but_strutting_25,strutting,1,663,165,39,9,72
25,all_but_strutting_25,strutting,2,663,165,28,6,83
25,all_but_strutting_25,strutting,3,663,165,21,5,90
25,all_but_strutting_25,strutting,4,663,165,49,11,62
25,all_but_strutting_25,strutting,5,663,165,56,13,55
50,all_but_angry_50,angry,0,657,327,40,20,77
50,all_but_angry_50,angry,1,657,327,41,20,76
50,all_but_angry_50,angry,2,657,327,41,20,76
50,all_but_angry_50,angry,3,657,327,33,16,84
50,all_but_angry_50,angry,4,657,327,40,20,77
50,all_but_angry_50,angry,5,657,327,48,24,69
50,all_but_childlike_50,childlike,0,664,331,32,15,78
50,all_but_childlike_50,childlike,1,664,331,44,21,66
50,all_but_childlike_50,childlike,2,664,331,42,20,68
50,all_but_childlike_50,childlike,3,664,331,35,17,75
50,all_but_childlike_50,childlike,4,664,331,35,17,75
50,all_but_childlike_50,childlike,5,664,331,42,20,68
50,all_but_depressed_50,depressed,0,641,319,44,21,89
50,all_but_depressed_50,depressed,1,641,319,48,24,85
50,all_but_depressed_50,depressed,2,641,319,41,20,92
50,all_but_depressed_50,depressed,3,641,319,32,15,101
50,all_but_depressed_50,depressed,4,641,319,51,25,82
50,all_but_depressed_50,depressed,5,641,319,60,30,73
50,all_but_neutral_50,neutral,0,657,328,35,17,82
50,all_but_neutral_50,neutral,1,657,328,46,23,71
50,all_but_neutral_50,neutral,2,657,328,49,24,68
50,all_but_neutral_50,neutral,3,657,328,29,14,88
50,all_but_neutral_50,neutral,4,657,328,32,16,85
50,all_but_neutral_50,neutral,5,657,328,52,26,65
50,all_but_old_50,old,0,679,338,31,15,64
50,all_but_old_50,old,1,679,338,35,17,60
50,all_but_old_50,old,2,679,338,25,12,70
50,all_but_old_50,old,3,679,338,28,14,67
50,all_but_old_50,old,4,679,338,41,20,54
50,all_but_old_50,old,5,679,338,38,18,57
50,all_but_proud_50,proud,0,683,341,40,20,51
50,all_but_proud_50,proud,1,683,341,23,11,68
50,all_but_proud_50,proud,2,683,341,29,14,62
50,all_but_proud_50,proud,3,683,341,21,10,70
50,all_but_proud_50,proud,4,683,341,34,17,57
50,all_but_proud_50,proud,5,683,341,42,21,49
50,all_but_strutting_50,strutting,0,663,331,37,18,74
50,all_but_strutting_50,strutting,1,663,331,39,19,72
50,all_but_strutting_50,strutting,2,663,331,28,13,83
50,all_but_strutting_50,strutting,3,663,331,21,10,90
50,all_but_strutting_50,strutting,4,663,331,49,24,62
50,all_but_strutting_50,strutting,5,663,331,56,27,55
75,all_but_angry_75,angry,0,657,491,40,30,77
75,all_but_angry_75,angry,1,657,491,41,30,76
75,all_but_angry_75,angry,2,657,491,41,30,76
75,all_but_angry_75,angry,3,657,491,33,24,84
75,all_but_angry_75,angry,4,657,491,40,29,77
75,all_but_angry_75,angry,5,657,491,48,36,69
75,all_but_childlike_75,childlike,0,664,497,32,23,78
75,all_but_childlike_75,childlike,1,664,497,44,32,66
75,all_but_childlike_75,childlike,2,664,497,42,30,68
75,all_but_childlike_75,childlike,3,664,497,35,26,75
75,all_but_childlike_75,childlike,4,664,497,35,25,75
75,all_but_childlike_75,childlike,5,664,497,42,30,68
75,all_but_depressed_75,depressed,0,641,479,44,32,89
75,all_but_depressed_75,depressed,1,641,479,48,35,85
75,all_but_depressed_75,depressed,2,641,479,41,30,92
75,all_but_depressed_75,depressed,3,641,479,32,23,101
75,all_but_depressed_75,depressed,4,641,479,51,38,82
75,all_but_depressed_75,depressed,5,641,479,60,45,73
75,all_but_neutral_75,neutral,0,657,492,35,26,82
75,all_but_neutral_75,neutral,1,657,492,46,34,71
75,all_but_neutral_75,neutral,2,657,492,49,36,68
75,all_but_neutral_75,neutral,3,657,492,29,21,88
75,all_but_neutral_75,neutral,4,657,492,32,23,85
75,all_but_neutral_75,neutral,5,657,492,52,39,65
75,all_but_old_75,old,0,679,508,31,23,64
75,all_but_old_75,old,1,679,508,35,26,60
75,all_but_old_75,old,2,679,508,25,18,70
75,all_but_old_75,old,3,679,508,28,20,67
75,all_but_old_75,old,4,679,508,41,30,54
75,all_but_old_75,old,5,679,508,38,28,57
75,all_but_proud_75,proud,0,683,511,40,29,51
75,all_but_proud_75,proud,1,683,511,23,17,68
75,all_but_proud_75,proud,2,683,511,29,21,62
75,all_but_proud_75,proud,3,683,511,21,15,70
75,all_but_proud_75,proud,4,683,511,34,25,57
75,all_but_proud_75,proud,5,683,511,42,31,49
75,all_but_strutting_75,strutting,0,663,496,37,27,74
75,all_but_strutting_75,strutting,1,663,496,39,28,72
75,all_but_strutting_75,strutting,2,663,496,28,20,83
75,all_but_strutting_75,strutting,3,663,496,21,15,90
75,all_but_strutting_75,strutting,4,663,496,49,36,62
75,all_but_strutting_75,strutting,5,663,496,56,41,55
