domain,method,seen,unseen,H-mean,train_percent
all_but_angry_100 -> angry,base,100.00 ± 0.00,91.67 ± 2.58,95.56 ± 1.40,100
all_but_angry_100 -> angry,VisTA,70.03 ± 4.53,86.01 ± 4.18,77.14 ± 4.37,100
all_but_angry_100 -> angry,CCVAE,100.00 ± 0.00,85.52 ± 4.35,91.90 ± 2.53,100
all_but_angry_100 -> angry,our_dc,100.00 ± 0.00,85.17 ± 4.42,91.69 ± 2.57,100
all_but_angry_100 -> angry,our_tr,100.00 ± 0.00,94.44 ± 1.67,97.10 ± 0.89,100
all_but_angry_100 -> angry,our_dc_tr,99.07 ± 0.93,94.10 ± 1.65,96.48 ± 1.00,100
all_but_angry_100 -> angry,TUPL,94.79 ± 4.09,45.24 ± 5.09,60.57 ± 4.98,100
all_but_angry_100 -> angry,our_TUPL_real_plus_src2tgt,96.93 ± 1.40,31.61 ± 6.18,45.84 ± 7.48,100
all_but_angry_100 -> angry,our_TUPL_real_plus_src2tgt_unseen,98.33 ± 1.67,49.19 ± 6.21,64.63 ± 5.69,100
all_but_angry_100 -> angry,our_TUPL_interp_src2tgt,95.62 ± 2.88,46.64 ± 8.96,59.31 ± 10.18,100
all_but_angry_25 -> angry,base,98.12 ± 1.20,49.02 ± 12.54,59.98 ± 13.17,25
all_but_angry_25 -> angry,CCVAE,95.62 ± 3.29,49.02 ± 12.54,59.32 ± 13.13,25
all_but_angry_25 -> angry,our_dc,94.79 ± 4.09,49.02 ± 12.54,59.07 ± 13.12,25
all_but_angry_25 -> angry,our_tr,85.65 ± 5.44,50.00 ± 12.91,55.42 ± 11.39,25
all_but_angry_25 -> angry,our_dc_tr,85.65 ± 5.44,50.00 ± 12.91,55.42 ± 11.39,25
all_but_angry_25 -> angry,TUPL,93.66 ± 2.45,62.49 ± 10.93,72.27 ± 9.36,25
all_but_angry_25 -> angry,our_TUPL_real_plus_src2tgt,92.75 ± 4.25,53.47 ± 5.09,66.65 ± 4.19,25
all_but_angry_25 -> angry,our_TUPL_real_plus_src2tgt_unseen,92.37 ± 1.74,69.22 ± 8.86,77.21 ± 7.26,25
all_but_angry_25 -> angry,our_TUPL_interp_src2tgt,91.48 ± 3.36,53.22 ± 14.22,60.70 ± 10.51,25
all_but_angry_50 -> angry,base,100.00 ± 0.00,64.58 ± 10.89,75.46 ± 9.26,50
all_but_angry_50 -> angry,CCVAE,100.00 ± 0.00,61.46 ± 11.15,72.79 ± 9.85,50
all_but_angry_50 -> angry,our_dc,100.00 ± 0.00,60.07 ± 12.29,70.59 ± 11.87,50
all_but_angry_50 -> angry,our_tr,94.55 ± 3.18,75.69 ± 7.15,82.51 ± 3.76,50
all_but_angry_50 -> angry,our_dc_tr,94.55 ± 3.18,72.22 ± 8.34,79.76 ± 5.05,50
all_but_angry_50 -> angry,TUPL,98.33 ± 1.67,62.08 ± 8.50,74.16 ± 5.31,50
all_but_angry_50 -> angry,our_TUPL_real_plus_src2tgt,95.42 ± 1.73,45.55 ± 9.58,58.82 ± 8.84,50
all_but_angry_50 -> angry,our_TUPL_real_plus_src2tgt_unseen,98.13 ± 1.20,54.71 ± 10.05,67.21 ± 8.43,50
all_but_angry_75 -> angry,base,100.00 ± 0.00,84.03 ± 4.26,91.03 ± 2.48,75
all_but_angry_75 -> angry,CCVAE,100.00 ± 0.00,74.75 ± 8.34,84.15 ± 5.90,75
all_but_angry_75 -> angry,our_dc,100.00 ± 0.00,74.06 ± 8.53,83.63 ± 6.01,75
all_but_angry_75 -> angry,our_tr,99.07 ± 0.93,92.36 ± 2.20,95.52 ± 1.30,75
all_but_angry_75 -> angry,our_dc_tr,99.07 ± 0.93,91.67 ± 2.22,95.15 ± 1.28,75
all_but_angry_75 -> angry,TUPL,98.33 ± 1.05,55.12 ± 5.73,69.66 ± 4.51,75
all_but_childlike_100 -> childlike,base,95.83 ± 2.08,91.18 ± 2.11,93.28 ± 1.12,100
all_but_childlike_100 -> childlike,VisTA,74.65 ± 10.21,45.48 ± 11.73,47.48 ± 9.43,100
all_but_childlike_100 -> childlike,CCVAE,94.44 ± 2.73,84.33 ± 3.56,88.76 ± 2.05,100
all_but_childlike_100 -> childlike,our_dc,95.83 ± 2.08,81.49 ± 4.80,87.51 ± 2.51,100
all_but_childlike_100 -> childlike,our_tr,93.06 ± 3.79,95.36 ± 0.74,94.01 ± 2.16,100
all_but_childlike_100 -> childlike,our_dc_tr,93.06 ± 3.79,95.36 ± 0.74,94.01 ± 2.16,100
all_but_childlike_100 -> childlike,TUPL,90.05 ± 2.75,36.11 ± 4.63,50.61 ± 4.90,100
all_but_childlike_100 -> childlike,our_TUPL_real_plus_src2tgt,87.62 ± 5.46,38.64 ± 5.32,51.69 ± 4.94,100
all_but_childlike_100 -> childlike,our_TUPL_real_plus_src2tgt_unseen,87.50 ± 6.74,44.88 ± 5.88,57.09 ± 6.29,100
all_but_childlike_100 -> childlike,our_TUPL_interp_src2tgt,93.40 ± 4.25,57.70 ± 7.40,69.19 ± 5.17,100
all_but_childlike_25 -> childlike,base,91.67 ± 2.99,47.24 ± 12.69,56.26 ± 12.41,25
all_but_childlike_25 -> childlike,CCVAE,87.50 ± 2.64,46.29 ± 12.74,54.41 ± 12.26,25
all_but_childlike_25 -> childlike,our_dc,87.50 ± 2.64,46.65 ± 12.70,54.75 ± 12.26,25
all_but_childlike_25 -> childlike,our_tr,85.27 ± 3.45,49.64 ± 12.63,55.91 ± 11.72,25
all_but_childlike_25 -> childlike,our_dc_tr,85.27 ± 3.45,49.64 ± 12.63,55.91 ± 11.72,25
all_but_childlike_25 -> childlike,TUPL,87.24 ± 4.00,57.10 ± 10.64,66.97 ± 8.79,25
all_but_childlike_25 -> childlike,our_TUPL_real_plus_src2tgt,80.72 ± 3.74,29.80 ± 6.08,41.96 ± 6.78,25
all_but_childlike_25 -> childlike,our_TUPL_real_plus_src2tgt_unseen,90.28 ± 3.12,51.24 ± 6.27,64.37 ± 4.57,25
all_but_childlike_25 -> childlike,our_TUPL_interp_src2tgt,85.98 ± 4.23,57.51 ± 11.78,65.60 ± 10.96,25
all_but_childlike_50 -> childlike,base,95.83 ± 2.08,69.38 ± 9.53,78.12 ± 6.87,50
all_but_childlike_50 -> childlike,CCVAE,95.83 ± 2.08,60.33 ± 11.43,69.89 ± 10.04,50
all_but_childlike_50 -> childlike,our_dc,94.44 ± 2.73,58.11 ± 11.95,67.26 ± 11.04,50
all_but_childlike_50 -> childlike,our_tr,93.06 ± 3.79,85.52 ± 4.45,88.53 ± 2.84,50
all_but_childlike_50 -> childlike,our_dc_tr,93.06 ± 3.79,85.98 ± 3.55,88.85 ± 2.19,50
all_but_childlike_50 -> childlike,TUPL,89.24 ± 3.58,58.88 ± 9.41,68.74 ± 6.89,50
all_but_childlike_50 -> childlike,our_TUPL_real_plus_src2tgt,81.76 ± 1.93,34.81 ± 3.11,48.48 ± 3.32,50
all_but_childlike_50 -> childlike,our_TUPL_real_plus_src2tgt_unseen,89.20 ± 3.54,40.22 ± 9.63,52.31 ± 9.27,50
all_but_childlike_75 -> childlike,base,96.88 ± 2.13,81.19 ± 5.46,87.65 ± 3.14,75
all_but_childlike_75 -> childlike,CCVAE,95.49 ± 2.87,73.82 ± 7.94,81.92 ± 5.42,75
all_but_childlike_75 -> childlike,our_dc,95.49 ± 2.87,74.13 ± 7.76,82.20 ± 5.25,75
all_but_childlike_75 -> childlike,our_tr,93.06 ± 3.79,93.40 ± 0.98,93.02 ± 2.05,75
all_but_childlike_75 -> childlike,our_dc_tr,93.06 ± 3.79,93.71 ± 0.97,93.18 ± 2.10,75
all_but_childlike_75 -> childlike,TUPL,89.70 ± 2.67,64.30 ± 3.58,74.69 ± 2.97,75
all_but_depressed_100 -> depressed,base,95.74 ± 1.65,73.82 ± 7.28,82.17 ± 5.11,100
all_but_depressed_100 -> depressed,VisTA,66.01 ± 13.54,63.71 ± 10.91,53.35 ± 10.55,100
all_but_depressed_100 -> depressed,CCVAE,95.74 ± 1.65,75.94 ± 5.93,83.94 ± 3.97,100
all_but_depressed_100 -> depressed,our_dc,95.74 ± 1.65,71.41 ± 7.63,80.40 ± 5.70,100
all_but_depressed_100 -> depressed,our_tr,94.15 ± 2.40,91.29 ± 2.69,92.44 ± 1.38,100
all_but_depressed_100 -> depressed,our_dc_tr,94.15 ± 2.40,86.16 ± 4.83,89.34 ± 2.44,100
all_but_depressed_100 -> depressed,TUPL,93.40 ± 1.10,51.80 ± 10.01,63.70 ± 7.42,100
all_but_depressed_100 -> depressed,our_TUPL_real_plus_src2tgt,84.39 ± 5.09,24.73 ± 5.23,36.50 ± 6.23,100
all_but_depressed_100 -> depressed,our_TUPL_real_plus_src2tgt_unseen,92.58 ± 2.81,47.85 ± 2.97,62.89 ± 3.04,100
all_but_depressed_100 -> depressed,our_TUPL_interp_src2tgt,90.85 ± 3.04,54.74 ± 6.29,67.52 ± 5.50,100
all_but_depressed_25 -> depressed,base,94.99 ± 2.69,40.00 ± 10.00,51.36 ± 11.33,25
all_but_depressed_25 -> depressed,CCVAE,90.67 ± 4.42,35.58 ± 9.24,46.33 ± 10.63,25
all_but_depressed_25 -> depressed,our_dc,93.80 ± 3.11,35.40 ± 9.28,46.90 ± 10.73,25
all_but_depressed_25 -> depressed,our_tr,83.45 ± 3.88,50.58 ± 12.82,55.92 ± 11.76,25
all_but_depressed_25 -> depressed,our_dc_tr,87.33 ± 3.33,52.26 ± 13.03,58.67 ± 12.48,25
all_but_depressed_25 -> depressed,TUPL,81.52 ± 4.25,59.01 ± 5.15,67.42 ± 3.89,25
all_but_depressed_25 -> depressed,our_TUPL_real_plus_src2tgt,72.57 ± 6.02,43.03 ± 11.02,49.70 ± 10.28,25
all_but_depressed_25 -> depressed,our_TUPL_real_plus_src2tgt_unseen,81.64 ± 3.45,42.83 ± 8.53,52.84 ± 9.69,25
all_but_depressed_25 -> depressed,our_TUPL_interp_src2tgt,81.53 ± 4.18,72.00 ± 7.06,74.94 ± 3.98,25
all_but_depressed_50 -> depressed,base,97.13 ± 1.36,66.29 ± 9.51,76.65 ± 7.76,50
all_but_depressed_50 -> depressed,CCVAE,97.96 ± 1.35,59.46 ± 11.15,70.21 ± 10.93,50
all_but_depressed_50 -> depressed,our_dc,97.96 ± 1.35,61.14 ± 10.67,72.10 ± 9.80,50
all_but_depressed_50 -> depressed,our_tr,94.70 ± 2.57,79.15 ± 6.37,85.21 ± 3.70,50
all_but_depressed_50 -> depressed,our_dc_tr,94.70 ± 2.57,81.57 ± 6.31,86.64 ± 3.56,50
all_but_depressed_50 -> depressed,TUPL,87.13 ± 2.07,47.81 ± 8.47,59.26 ± 7.54,50
all_but_depressed_50 -> depressed,our_TUPL_real_plus_src2tgt,62.44 ± 5.82,23.35 ± 5.28,32.35 ± 6.17,50
all_but_depressed_50 -> depressed,our_TUPL_real_plus_src2tgt_unseen,84.11 ± 2.99,56.87 ± 6.31,66.96 ± 4.58,50
all_but_depressed_75 -> depressed,base,96.57 ± 1.23,75.88 ± 5.41,84.38 ± 3.57,75
all_but_depressed_75 -> depressed,CCVAE,97.13 ± 1.36,74.57 ± 4.91,83.89 ± 3.45,75
all_but_depressed_75 -> depressed,our_dc,96.57 ± 1.23,74.57 ± 4.91,83.64 ± 3.31,75
all_but_depressed_75 -> depressed,our_tr,93.55 ± 2.17,91.51 ± 2.06,92.36 ± 1.26,75
all_but_depressed_75 -> depressed,our_dc_tr,93.55 ± 2.17,91.51 ± 2.06,92.36 ± 1.26,75
all_but_depressed_75 -> depressed,TUPL,93.78 ± 1.61,50.16 ± 8.17,63.16 ± 6.79,75
all_but_neutral_100 -> neutral,base,100.00 ± 0.00,93.55 ± 1.75,96.62 ± 0.94,100
all_but_neutral_100 -> neutral,VisTA,77.86 ± 12.98,59.14 ± 10.32,59.87 ± 8.72,100
all_but_neutral_100 -> neutral,CCVAE,100.00 ± 0.00,91.27 ± 2.23,95.37 ± 1.23,100
all_but_neutral_100 -> neutral,our_dc,100.00 ± 0.00,91.71 ± 1.98,95.62 ± 1.09,100
all_but_neutral_100 -> neutral,our_tr,96.88 ± 2.13,95.67 ± 0.96,96.14 ± 0.68,100
all_but_neutral_100 -> neutral,our_dc_tr,96.88 ± 2.13,95.67 ± 0.96,96.14 ± 0.68,100
all_but_neutral_100 -> neutral,TUPL,96.52 ± 1.63,40.15 ± 9.11,54.07 ± 8.75,100
all_but_neutral_100 -> neutral,our_TUPL_real_plus_src2tgt,78.23 ± 5.11,29.30 ± 8.74,39.00 ± 10.93,100
all_but_neutral_100 -> neutral,our_TUPL_real_plus_src2tgt_unseen,96.12 ± 2.05,49.08 ± 3.43,64.57 ± 2.64,100
all_but_neutral_100 -> neutral,our_TUPL_interp_src2tgt,95.08 ± 2.50,43.25 ± 10.70,55.17 ± 11.59,100
all_but_neutral_25 -> neutral,base,97.22 ± 2.78,46.60 ± 12.01,57.77 ± 12.82,25
all_but_neutral_25 -> neutral,CCVAE,96.30 ± 3.70,46.60 ± 12.01,57.49 ± 12.80,25
all_but_neutral_25 -> neutral,our_dc,96.30 ± 3.70,46.60 ± 12.01,57.49 ± 12.80,25
all_but_neutral_25 -> neutral,our_tr,89.27 ± 3.23,50.21 ± 12.32,58.14 ± 12.35,25
all_but_neutral_25 -> neutral,our_dc_tr,89.27 ± 3.23,50.32 ± 12.35,58.17 ± 12.35,25
all_but_neutral_25 -> neutral,TUPL,92.99 ± 3.59,58.18 ± 8.24,70.19 ± 6.34,25
all_but_neutral_25 -> neutral,our_TUPL_real_plus_src2tgt,77.32 ± 6.75,56.00 ± 9.17,61.05 ± 5.88,25
all_but_neutral_25 -> neutral,our_TUPL_real_plus_src2tgt_unseen,91.48 ± 3.84,51.52 ± 2.32,65.44 ± 1.48,25
all_but_neutral_25 -> neutral,our_TUPL_interp_src2tgt,88.97 ± 2.87,51.46 ± 11.43,59.97 ± 11.76,25
all_but_neutral_50 -> neutral,base,99.07 ± 0.93,74.40 ± 9.58,82.96 ± 7.05,50
all_but_neutral_50 -> neutral,CCVAE,99.07 ± 0.93,67.87 ± 12.66,76.16 ± 11.42,50
all_but_neutral_50 -> neutral,our_dc,99.07 ± 0.93,64.37 ± 11.95,73.94 ± 10.97,50
all_but_neutral_50 -> neutral,our_tr,95.95 ± 2.06,84.89 ± 3.87,89.78 ± 2.50,50
all_but_neutral_50 -> neutral,our_dc_tr,95.19 ± 2.72,81.67 ± 4.92,87.44 ± 3.35,50
all_but_neutral_50 -> neutral,TUPL,91.73 ± 2.71,67.72 ± 8.76,76.02 ± 5.58,50
all_but_neutral_50 -> neutral,our_TUPL_real_plus_src2tgt,71.21 ± 9.11,31.41 ± 9.36,41.10 ± 10.76,50
all_but_neutral_50 -> neutral,our_TUPL_real_plus_src2tgt_unseen,94.32 ± 3.42,50.26 ± 2.34,65.29 ± 2.17,50
all_but_neutral_75 -> neutral,base,100.00 ± 0.00,89.21 ± 2.60,94.20 ± 1.50,75
all_but_neutral_75 -> neutral,CCVAE,100.00 ± 0.00,83.23 ± 6.28,90.13 ± 4.18,75
all_but_neutral_75 -> neutral,our_dc,100.00 ± 0.00,83.23 ± 6.28,90.13 ± 4.18,75
all_but_neutral_75 -> neutral,our_tr,96.88 ± 2.13,95.67 ± 1.25,96.14 ± 0.79,75
all_but_neutral_75 -> neutral,our_dc_tr,96.88 ± 2.13,96.03 ± 1.03,96.33 ± 0.79,75
all_but_neutral_75 -> neutral,TUPL,96.85 ± 2.00,52.21 ± 9.23,65.15 ± 8.52,75
all_but_old_100 -> old,base,99.36 ± 0.64,64.93 ± 5.48,77.80 ± 3.99,100
all_but_old_100 -> old,VisTA,68.82 ± 11.16,42.14 ± 6.95,47.14 ± 6.73,100
all_but_old_100 -> old,CCVAE,98.43 ± 1.02,66.08 ± 6.44,78.07 ± 4.70,100
all_but_old_100 -> old,our_dc,98.43 ± 1.02,65.56 ± 6.34,77.72 ± 4.64,100
all_but_old_100 -> old,our_tr,98.43 ± 1.02,82.62 ± 3.76,89.52 ± 2.02,100
all_but_old_100 -> old,our_dc_tr,98.43 ± 1.02,83.24 ± 3.47,89.93 ± 1.83,100
all_but_old_100 -> old,TUPL,86.82 ± 4.29,41.48 ± 4.71,54.89 ± 3.85,100
all_but_old_100 -> old,our_TUPL_real_plus_src2tgt,80.90 ± 4.82,38.87 ± 6.25,49.85 ± 4.54,100
all_but_old_100 -> old,our_TUPL_real_plus_src2tgt_unseen,90.37 ± 4.18,49.08 ± 4.02,62.64 ± 2.91,100
all_but_old_100 -> old,our_TUPL_interp_src2tgt,91.18 ± 4.75,34.51 ± 8.05,46.59 ± 6.47,100
all_but_old_25 -> old,base,95.31 ± 2.97,29.22 ± 6.83,42.08 ± 9.34,25
all_but_old_25 -> old,CCVAE,92.18 ± 6.01,28.11 ± 7.01,39.79 ± 9.23,25
all_but_old_25 -> old,our_dc,92.82 ± 6.13,27.07 ± 6.79,38.84 ± 9.07,25
all_but_old_25 -> old,our_tr,90.52 ± 5.81,54.98 ± 14.83,61.93 ± 14.61,25
all_but_old_25 -> old,our_dc_tr,91.16 ± 5.97,55.03 ± 14.81,62.28 ± 14.75,25
all_but_old_25 -> old,TUPL,82.39 ± 5.50,38.02 ± 3.45,50.86 ± 2.51,25
all_but_old_25 -> old,our_TUPL_real_plus_src2tgt,71.64 ± 9.51,45.04 ± 4.20,53.18 ± 4.73,25
all_but_old_25 -> old,our_TUPL_real_plus_src2tgt_unseen,80.73 ± 6.70,52.73 ± 7.27,61.70 ± 5.74,25
all_but_old_25 -> old,our_TUPL_interp_src2tgt,87.73 ± 4.14,47.42 ± 11.65,56.57 ± 8.91,25
all_but_old_50 -> old,base,100.00 ± 0.00,60.44 ± 7.41,73.92 ± 6.19,50
all_but_old_50 -> old,CCVAE,100.00 ± 0.00,60.65 ± 7.66,74.00 ± 6.32,50
all_but_old_50 -> old,our_dc,100.00 ± 0.00,59.56 ± 7.53,73.19 ± 6.22,50
all_but_old_50 -> old,our_tr,96.67 ± 2.11,79.17 ± 6.71,86.18 ± 4.36,50
all_but_old_50 -> old,our_dc_tr,96.48 ± 1.71,79.84 ± 6.39,86.76 ± 4.39,50
all_but_old_50 -> old,TUPL,87.74 ± 4.18,67.61 ± 9.64,74.24 ± 6.51,50
all_but_old_50 -> old,our_TUPL_real_plus_src2tgt,78.97 ± 5.81,24.11 ± 4.25,35.47 ± 4.53,50
all_but_old_50 -> old,our_TUPL_real_plus_src2tgt_unseen,84.72 ± 4.40,49.13 ± 2.58,61.65 ± 2.03,50
all_but_old_75 -> old,base,99.07 ± 0.93,62.57 ± 7.25,75.37 ± 5.91,75
all_but_old_75 -> old,CCVAE,98.15 ± 1.85,62.57 ± 7.90,74.82 ± 6.45,75
all_but_old_75 -> old,our_dc,98.15 ± 1.85,62.21 ± 7.70,74.60 ± 6.34,75
all_but_old_75 -> old,our_tr,95.56 ± 2.13,82.62 ± 4.35,88.34 ± 2.95,75
all_but_old_75 -> old,our_dc_tr,96.48 ± 1.71,82.62 ± 4.35,88.80 ± 3.04,75
all_but_old_75 -> old,TUPL,91.09 ± 1.51,49.29 ± 10.69,59.82 ± 11.27,75
all_but_proud_100 -> proud,base,100.00 ± 0.00,92.81 ± 2.16,96.20 ± 1.16,100
all_but_proud_100 -> proud,VisTA,79.61 ± 8.07,68.58 ± 7.83,71.75 ± 6.64,100
all_but_proud_100 -> proud,CCVAE,100.00 ± 0.00,91.97 ± 2.52,95.73 ± 1.36,100
all_but_proud_100 -> proud,our_dc,100.00 ± 0.00,91.14 ± 2.93,95.24 ± 1.61,100
all_but_proud_100 -> proud,our_tr,100.00 ± 0.00,96.01 ± 1.38,97.94 ± 0.72,100
all_but_proud_100 -> proud,our_dc_tr,100.00 ± 0.00,95.39 ± 1.98,97.59 ± 1.05,100
all_but_proud_100 -> proud,TUPL,94.84 ± 2.70,67.09 ± 7.25,77.62 ± 5.61,100
all_but_proud_100 -> proud,our_TUPL_real_plus_src2tgt,84.77 ± 4.02,33.97 ± 3.59,48.13 ± 4.12,100
all_but_proud_100 -> proud,our_TUPL_real_plus_src2tgt_unseen,97.07 ± 1.37,48.73 ± 4.05,64.38 ± 3.66,100
all_but_proud_100 -> proud,our_TUPL_interp_src2tgt,94.64 ± 1.70,65.84 ± 7.94,76.50 ± 6.08,100
all_but_proud_25 -> proud,base,91.57 ± 3.94,52.13 ± 13.14,59.53 ± 12.78,25
all_but_proud_25 -> proud,CCVAE,91.57 ± 3.94,47.37 ± 12.46,56.35 ± 12.34,25
all_but_proud_25 -> proud,our_dc,91.57 ± 3.94,50.18 ± 12.71,58.31 ± 12.56,25
all_but_proud_25 -> proud,our_tr,90.18 ± 4.70,55.30 ± 13.96,61.01 ± 13.07,25
all_but_proud_25 -> proud,our_dc_tr,90.18 ± 4.70,54.65 ± 13.86,60.51 ± 13.00,25
all_but_proud_25 -> proud,TUPL,84.87 ± 5.99,54.18 ± 7.49,63.74 ± 6.58,25
all_but_proud_25 -> proud,our_TUPL_real_plus_src2tgt,75.60 ± 4.73,37.05 ± 9.91,46.16 ± 7.33,25
all_but_proud_25 -> proud,our_TUPL_real_plus_src2tgt_unseen,89.34 ± 4.69,42.81 ± 4.44,56.59 ± 4.48,25
all_but_proud_25 -> proud,our_TUPL_interp_src2tgt,88.59 ± 3.55,55.15 ± 9.73,65.64 ± 6.94,25
all_but_proud_50 -> proud,base,97.22 ± 2.78,84.84 ± 6.62,89.56 ± 3.69,50
all_but_proud_50 -> proud,CCVAE,97.22 ± 2.78,72.51 ± 12.18,79.19 ± 9.95,50
all_but_proud_50 -> proud,our_dc,97.22 ± 2.78,79.29 ± 8.87,85.49 ± 5.78,50
all_but_proud_50 -> proud,our_tr,91.57 ± 3.94,93.11 ± 2.91,91.70 ± 0.83,50
all_but_proud_50 -> proud,our_dc_tr,91.57 ± 3.94,93.33 ± 3.00,91.80 ± 0.86,50
all_but_proud_50 -> proud,TUPL,92.56 ± 3.30,51.29 ± 10.88,62.82 ± 8.55,50
all_but_proud_50 -> proud,our_TUPL_real_plus_src2tgt,74.21 ± 8.28,27.25 ± 6.00,38.25 ± 6.80,50
all_but_proud_50 -> proud,our_TUPL_real_plus_src2tgt_unseen,90.48 ± 5.97,49.00 ± 7.84,62.53 ± 8.01,50
all_but_proud_75 -> proud,base,98.81 ± 1.19,91.36 ± 3.01,94.75 ± 1.51,75
all_but_proud_75 -> proud,CCVAE,97.22 ± 2.78,89.06 ± 3.90,92.47 ± 1.87,75
all_but_proud_75 -> proud,our_dc,97.22 ± 2.78,88.64 ± 4.16,92.20 ± 2.03,75
all_but_proud_75 -> proud,our_tr,93.65 ± 4.06,93.75 ± 2.80,93.15 ± 1.62,75
all_but_proud_75 -> proud,our_dc_tr,93.65 ± 4.06,93.09 ± 2.57,92.82 ± 1.35,75
all_but_proud_75 -> proud,TUPL,94.44 ± 2.56,57.80 ± 4.56,71.17 ± 3.82,75
all_but_strutting_100 -> strutting,base,100.00 ± 0.00,62.21 ± 12.02,73.07 ± 9.94,100
all_but_strutting_100 -> strutting,VisTA,73.61 ± 8.45,67.22 ± 7.94,66.67 ± 4.13,100
all_but_strutting_100 -> strutting,CCVAE,100.00 ± 0.00,63.46 ± 12.30,73.81 ± 10.36,100
all_but_strutting_100 -> strutting,our_dc,100.00 ± 0.00,63.09 ± 12.13,73.61 ± 10.28,100
all_but_strutting_100 -> strutting,our_tr,100.00 ± 0.00,78.99 ± 8.36,86.97 ± 5.52,100
all_but_strutting_100 -> strutting,our_dc_tr,100.00 ± 0.00,73.34 ± 9.17,82.87 ± 6.68,100
all_but_strutting_100 -> strutting,TUPL,94.86 ± 2.36,45.56 ± 3.39,61.15 ± 2.96,100
all_but_strutting_100 -> strutting,our_TUPL_real_plus_src2tgt,82.67 ± 6.82,33.62 ± 11.88,42.45 ± 12.38,100
all_but_strutting_100 -> strutting,our_TUPL_real_plus_src2tgt_unseen,90.00 ± 3.50,44.42 ± 4.29,58.50 ± 3.45,100
all_but_strutting_100 -> strutting,our_TUPL_interp_src2tgt,89.94 ± 5.74,41.22 ± 6.32,55.27 ± 6.63,100
all_but_strutting_25 -> strutting,base,90.00 ± 8.16,46.47 ± 11.70,55.35 ± 12.87,25
all_but_strutting_25 -> strutting,CCVAE,81.67 ± 10.14,45.39 ± 11.56,51.36 ± 12.26,25
all_but_strutting_25 -> strutting,our_dc,85.83 ± 8.21,44.50 ± 11.19,52.56 ± 12.21,25
all_but_strutting_25 -> strutting,our_tr,76.53 ± 8.89,50.36 ± 12.92,52.90 ± 11.92,25
all_but_strutting_25 -> strutting,our_dc_tr,80.69 ± 7.22,51.45 ± 12.95,55.31 ± 12.05,25
all_but_strutting_25 -> strutting,TUPL,78.37 ± 7.95,57.14 ± 7.41,63.29 ± 3.70,25
all_but_strutting_25 -> strutting,our_TUPL_real_plus_src2tgt,60.63 ± 7.59,27.56 ± 6.43,34.34 ± 6.00,25
all_but_strutting_25 -> strutting,our_TUPL_real_plus_src2tgt_unseen,84.62 ± 7.95,52.46 ± 9.30,60.88 ± 7.90,25
all_but_strutting_25 -> strutting,our_TUPL_interp_src2tgt,92.95 ± 1.89,69.22 ± 11.85,76.00 ± 9.24,25
all_but_strutting_50 -> strutting,base,98.33 ± 1.67,49.17 ± 11.99,60.55 ± 12.68,50
all_but_strutting_50 -> strutting,CCVAE,98.33 ± 1.67,48.85 ± 12.55,59.76 ± 13.34,50
all_but_strutting_50 -> strutting,our_dc,98.33 ± 1.67,49.03 ± 12.52,59.94 ± 13.33,50
all_but_strutting_50 -> strutting,our_tr,96.94 ± 1.94,56.37 ± 11.83,67.07 ± 11.25,50
all_but_strutting_50 -> strutting,our_dc_tr,98.33 ± 1.67,61.44 ± 10.58,72.73 ± 9.09,50
all_but_strutting_50 -> strutting,TUPL,89.48 ± 5.59,49.35 ± 5.22,61.76 ± 3.56,50
all_but_strutting_50 -> strutting,our_TUPL_real_plus_src2tgt,75.56 ± 9.30,24.48 ± 6.35,33.61 ± 7.54,50
all_but_strutting_50 -> strutting,our_TUPL_real_plus_src2tgt_unseen,79.24 ± 7.65,50.86 ± 2.06,61.24 ± 3.42,50
all_but_strutting_75 -> strutting,base,100.00 ± 0.00,59.89 ± 12.24,70.99 ± 10.39,75
all_but_strutting_75 -> strutting,CCVAE,100.00 ± 0.00,59.02 ± 12.51,69.95 ± 11.08,75
all_but_strutting_75 -> strutting,our_dc,100.00 ± 0.00,59.38 ± 12.44,70.28 ± 11.04,75
all_but_strutting_75 -> strutting,our_tr,100.00 ± 0.00,69.88 ± 10.15,80.02 ± 7.57,75
all_but_strutting_75 -> strutting,our_dc_tr,100.00 ± 0.00,70.24 ± 9.92,80.41 ± 7.27,75
all_but_strutting_75 -> strutting,TUPL,98.33 ± 1.67,59.30 ± 9.06,72.06 ± 6.60,75
